62, 3975, 0, 0, 0, 0, 0, 0, 0, 63, 4039, 0, 0, 0, 0, 0, 0, 0, 64, 4103, 0, 0, 0, 0, 0, 0, 0, 65, 4167, 0, 0, 0, 0, 0, 0, 0, 66, 4231, 0, 0, 0, 0, 0, 0, 0, 67, 4295, 0, 0, 0, 0, 0, 0, 0, 68, 4359, 0, 0, 0, 0, 0, 0, 0, 69, 4423, 0, 0, 0, 0, 0, 0, 0, 70, 4487, 0, 0, 0, 0, 0, 0, 0, 71, 4551, 0, 0, 0, 0, 0, 0, 0, 72, 4615, 0, 0, 0, 0, 0, 0, 0, 73, 4679, 0, 0, 0, 0, 0, 0, 0, 74, 4743, 0, 0, 0, 0, 0, 0, 0, 75, 4807, 0, 0, 0, 0, 0, 0, 0, 76, 4871, 0, 0, 0, 0, 0, 0, 0, 77, 4935, 0, 0, 0, 0, 0, 0, 0, 78, 4999, 0, 0, 0, 0, 0, 0, 0, 79, 5063, 0, 0, 0, 0, 0, 0, 0, 80, 5127, 0, 0, 0, 0, 0, 0, 0, 81, 5191, 0, 0, 0, 0, 0, 0, 0, 82, 5255, 0, 0, 0, 0, 0, 0, 0, 83, 5319, 0, 0, 0, 0, 0, 0, 0, 84, 5383, 0, 0, 0, 0, 0, 0, 0, 85, 5447, 0, 0, 0, 0, 0, 0, 0, 86, 5511, 0, 0, 0, 0, 0, 0, 0, 87, 5575, 0, 0, 0, 0, 0, 0, 0, 88, 5639, 0, 0, 0, 0, 0, 0, 0, 89, 5703, 0, 0, 0, 0, 0, 0, 0, 90, 5767, 0, 0, 0, 0, 0, 0, 0, 91, 5831, 0, 0, 0, 0, 0, 0, 0, 92, 5895, 0, 0, 0, 0, 0, 0, 0, 93, 5959, 0, 0, 0, 0, 0, 0, 0, 94, 6023, 0, 0, 0, 0, 0, 0, 0, 95, 6087, 0, 0, 0, 0, 0, 0, 0, 96, 6151, 0, 0, 0, 0, 0, 0, 0, 97, 6215, 0, 0, 0, 0, 0, 0, 0, 98, 6279, 0, 0, 0, 0, 0, 0, 0, 99, 6343, 0, 0, 0, 0, 0, 0, 0, 100, 6407, 0, 0, 0, 0, 0, 0, 0, 101, 6471, 0, 0, 0, 0, 0, 0, 0, 102, 6535, 0, 0, 0, 0, 0, 0, 0, 103, 6599, 0, 0, 0, 0, 0, 0, 0, 104, 6663, 0, 0, 0, 0, 0, 0, 0, 105, 6727, 0, 0, 0, 0, 0, 0, 0, 106, 6791, 0, 0, 0, 0, 0, 0, 0, 107, 6855, 0, 0, 0, 0, 0, 0, 0, 108, 6919, 0, 0, 0, 0, 0, 0, 0, 109, 6983, 0, 0, 0, 0, 0, 0, 0, 110, 7047, 0, 0, 0, 0, 0, 0, 0, 111, 7111, 0, 0, 0, 0, 0, 0, 0, 112, 7175, 0, 0, 0, 0, 0, 0, 0, 113, 7239, 0, 0, 0, 0, 0, 0, 0, 114, 7303, 0, 0, 0, 0, 0, 0, 0, 115, 7367, 0, 0, 0, 0, 0, 0, 0, 116, 7431, 0, 0, 0, 0, 0, 0, 0, 117, 7495, 0, 0, 0, 0, 0, 0, 0, 118, 7559, 0, 0, 0, 0, 0, 0, 0, 119, 7623, 0, 0, 0, 0, 0, 0, 0, 120, 7687, 0, 0, 0, 0, 0, 0, 0, 121, 7751, 0, 0, 0, 0, 0, 0, 0, 122, 7815, 0, 0, 0, 0, 0, 0, 0, 123, 7879, 0, 0, 0, 0, 0, 0, 0, 124, 7943, 0, 0, 0, 0, 0, 0, 0, 125, 8007, 0, 0, 0, 0, 0, 0, 0, 126, 8071, 0, 0, 0, 0, 0, 0, 0, 127, 8135, 0, 0, 0, 0, 0, 0, 0, 128, 8199, 0, 0, 0, 0, 0, 0, 0, 129, 8263, 0, 0, 0, 0, 0, 0, 0, 130, 8327, 0, 0, 0, 0, 0, 0, 0, 131, 8391, 0, 0, 0, 0, 0, 0, 0, 132, 8455, 0, 0, 0, 0, 0, 0, 0, 133, 8519, 0, 0, 0, 0, 0, 0, 0, 134, 8583, 0, 0, 0, 0, 0, 0, 0, 135, 8647, 0, 0, 0, 0, 0, 0, 0, 136, 8711, 0, 0, 0, 0, 0, 0, 0, 137, 8775, 0, 0, 0, 0, 0, 0, 0, 138, 8839, 0, 0, 0, 0, 0, 0, 0, 139, 8903, 0, 0, 0, 0, 0, 0, 0, 140, 8967, 0, 0, 0, 0, 0, 0, 0, 141, 9031, 0, 0, 0, 0, 0, 0, 0, 142, 9095, 0, 0, 0, 0, 0, 0, 0, 143, 9159, 0, 0, 0, 0, 0, 0, 0, 144, 9223, 0, 0, 0, 0, 0, 0, 0, 145, 9287, 0, 0, 0, 0, 0, 0, 0, 146, 9351, 0, 0, 0, 0, 0, 0, 0, 147, 9415, 0, 0, 0, 0, 0, 0, 0, 148, 9479, 0, 0, 0, 0, 0, 0, 0, 149, 9543, 0, 0, 0, 0, 0, 0, 0, 150, 9607, 0, 0, 0, 0, 0, 0, 0, 151, 9671, 0, 0, 0, 0, 0, 0, 0, 152, 9735, 0, 0, 0, 0, 0, 0, 0, 153, 9799, 0, 0, 0, 0, 0, 0, 0, 154, 9863, 0, 0, 0, 0, 0, 0, 0, 155, 9927, 0, 0, 0, 0, 0, 0, 0, 156, 9991, 0, 0, 0, 0, 0, 0, 0, 157, 10055, 0, 0, 0, 0, 0, 0, 0, 158, 10119, 0, 0, 0, 0, 0, 0, 0, 159, 10183, 0, 0, 0, 0, 0, 0, 0, 160, 10247, 0, 0, 0, 0, 0, 0, 0, 161, 10311, 0, 0, 0, 0, 0, 0, 0, 162, 10375, 0, 0, 0, 0, 0, 0, 0, 163, 10439, 0, 0, 0, 0, 0, 0, 0, 164, 10503, 0, 0, 0, 0, 0, 0, 0, 165, 10567, 0, 0, 0, 0, 0, 0, 0, 166, 10631, 0, 0, 0, 0, 0, 0, 0, 167, 10695, 0, 0, 0, 0, 0, 0, 0, 168, 10759, 0, 0, 0, 0, 0, 0, 0, 169, 10823, 0, 0, 0, 0, 0, 0, 0, 170, 10887, 0, 0, 0, 0, 0, 0, 0, 171, 10951, 0, 0, 0, 0, 0, 0, 0, 172, 11015, 0, 0, 0, 0, 0, 0, 0, 173, 11079, 0, 0, 0, 0, 0, 0, 0, 174, 11143, 0, 0, 0, 0, 0, 0, 0, 175, 11207, 0, 0, 0, 0, 0, 0, 0, 176, 11271, 0, 0, 0, 0, 0, 0, 0, 177, 11335, 0, 0, 0, 0, 0, 0, 0, 178, 11399, 0, 0, 0, 0, 0, 0, 0, 179, 11463, 0, 0, 0, 0, 0, 0, 0, 180, 11527, 0, 0, 0, 0, 0, 0, 0, 181, 11591, 0, 0, 0, 0, 0, 0, 0, 182, 11655, 0, 0, 0, 0, 0, 0, 0, 183, 11719, 0, 0, 0, 0, 0, 0, 0, 184, 11783, 0, 0, 0, 0, 0, 0, 0, 185, 11847, 0, 0, 0, 0, 0, 0, 0, 186, 11911, 0, 0, 0, 0, 0, 0, 0, 187, 11975, 0, 0, 0, 0, 0, 0, 0, 188, 12039, 0, 0, 0, 0, 0, 0, 0, 189, 12103, 0, 0, 0, 0, 0, 0, 0, 190, 12167, 0, 0, 0, 0, 0, 0, 0, 191, 12231, 0, 0, 0, 0, 0, 0, 0, 192, 12295, 0, 0, 0, 0, 0, 0, 0, 193, 12359, 0, 0, 0, 0, 0, 0, 0, 194, 12423, 0, 0, 0, 0, 0, 0, 0, 196, 12551, 0, 0, 0, 0, 0, 0, 0, 
197, 12615, 0, 0, 0, 0, 0, 0, 0, 
198, 12679, 0, 0, 0, 0, 0, 0, 0, 
199, 12743, 0, 0, 0, 0, 0, 0, 0, 
200, 12807, 0, 0, 0, 0, 0, 0, 0, 
201, 12871, 0, 0, 0, 0, 0, 0, 0, 
202, 12935, 0, 0, 0, 0, 0, 0, 0, 
203, 12999, 0, 0, 0, 0, 0, 0, 0, 
204, 13063, 0, 0, 0, 0, 0, 0, 0, 
205, 13127, 0, 0, 0, 0, 0, 0, 0, 
206, 13191, 0, 0, 0, 0, 0, 0, 0, 
207, 13255, 0, 0, 0, 0, 0, 0, 0, 
208, 13319, 0, 0, 0, 0, 0, 0, 0, 
209, 13383, 0, 0, 0, 0, 0, 0, 0, 
210, 13447, 0, 0, 0, 0, 0, 0, 0, 
211, 13511, 0, 0, 0, 0, 0, 0, 0, 
212, 13575, 0, 0, 0, 0, 0, 0, 0, 
213, 13639, 0, 0, 0, 0, 0, 0, 0, 
214, 13703, 0, 0, 0, 0, 0, 0, 0, 
215, 13767, 0, 0, 0, 0, 0, 0, 0, 
216, 13831, 0, 0, 0, 0, 0, 0, 0, 
217, 13895, 0, 0, 0, 0, 0, 0, 0, 
218, 13959, 0, 0, 0, 0, 0, 0, 0, 
219, 14023, 0, 0, 0, 0, 0, 0, 0, 
220, 14087, 0, 0, 0, 0, 0, 0, 0, 
221, 14151, 0, 0, 0, 0, 0, 0, 0, 
222, 14215, 0, 0, 0, 0, 0, 0, 0, 
223, 14279, 0, 0, 0, 0, 0, 0, 0, 
224, 14343, 0, 0, 0, 0, 0, 0, 0, 
225, 14407, 0, 0, 0, 0, 0, 0, 0, 
226, 14471, 0, 0, 0, 0, 0, 0, 0, 
227, 14535, 0, 0, 0, 0, 0, 0, 0, 
228, 14599, 0, 0, 0, 0, 0, 0, 0, 
229, 14663, 0, 0, 0, 0, 0, 0, 0, 
230, 14727, 0, 0, 0, 0, 0, 0, 0, 
231, 14791, 0, 0, 0, 0, 0, 0, 0, 
232, 14855, 0, 0, 0, 0, 0, 0, 0, 
233, 14919, 0, 0, 0, 0, 0, 0, 0, 
234, 14983, 0, 0, 0, 0, 0, 0, 0, 
235, 15047, 0, 0, 0, 0, 0, 0, 0, 
236, 15111, 0, 0, 0, 0, 0, 0, 0, 
237, 15175, 0, 0, 0, 0, 0, 0, 0, 
238, 15239, 0, 0, 0, 0, 0, 0, 0, 
239, 15303, 0, 0, 0, 0, 0, 0, 0, 
240, 15367, 0, 0, 0, 0, 0, 0, 0, 
241, 15431, 0, 0, 0, 0, 0, 0, 0, 
242, 15495, 0, 0, 0, 0, 0, 0, 0, 
243, 15559, 0, 0, 0, 0, 0, 0, 0, 
244, 15623, 0, 0, 0, 0, 0, 0, 0, 
245, 15687, 0, 0, 0, 0, 0, 0, 0, 
246, 15751, 0, 0, 0, 0, 0, 0, 0, 
247, 15815, 0, 0, 0, 0, 0, 0, 0, 
248, 15879, 0, 0, 0, 0, 0, 0, 0, 
249, 15943, 0, 0, 0, 0, 0, 0, 0, 
250, 16007, 0, 0, 0, 0, 0, 0, 0, 
251, 16071, 0, 0, 0, 0, 0, 0, 0, 
252, 16135, 0, 0, 0, 0, 0, 0, 0, 
253, 16199, 0, 0, 0, 0, 0, 0, 0, 
254, 16263, 0, 0, 0, 0, 0, 0, 0, 
255, 16327, 0, 0, 0, 0, 0, 0, 0, 
256, 16391, 0, 0, 0, 0, 0, 0, 0, 
257, 16455, 0, 0, 0, 0, 0, 0, 0, 
258, 16519, 0, 0, 0, 0, 0, 0, 0, 
259, 16583, 0, 0, 0, 0, 0, 0, 0, 
260, 16647, 0, 0, 0, 0, 0, 0, 0, 
261, 16711, 0, 0, 0, 0, 0, 0, 0, 
262, 16775, 0, 0, 0, 0, 0, 0, 0, 
263, 16839, 0, 0, 0, 0, 0, 0, 0, 
264, 16903, 0, 0, 0, 0, 0, 0, 0, 
265, 16967, 0, 0, 0, 0, 0, 0, 0, 
266, 17031, 0, 0, 0, 0, 0, 0, 0, 
267, 17095, 0, 0, 0, 0, 0, 0, 0, 
268, 17159, 0, 0, 0, 0, 0, 0, 0, 
269, 17223, 0, 0, 0, 0, 0, 0, 0, 
270, 17287, 0, 0, 0, 0, 0, 0, 0, 
271, 17351, 0, 0, 0, 0, 0, 0, 0, 
272, 17415, 0, 0, 0, 0, 0, 0, 0, 
273, 17479, 0, 0, 0, 0, 0, 0, 0, 
274, 17543, 0, 0, 0, 0, 0, 0, 0, 
275, 17607, 0, 0, 0, 0, 0, 0, 0, 
276, 17671, 0, 0, 0, 0, 0, 0, 0, 
277, 17735, 0, 0, 0, 0, 0, 0, 0, 
278, 17799, 0, 0, 0, 0, 0, 0, 0, 
279, 17863, 0, 0, 0, 0, 0, 0, 0, 
280, 17927, 0, 0, 0, 0, 0, 0, 0, 
281, 17991, 0, 0, 0, 0, 0, 0, 0, 
282, 18055, 0, 0, 0, 0, 0, 0, 0, 
283, 18119, 0, 0, 0, 0, 0, 0, 0, 
284, 18183, 0, 0, 0, 0, 0, 0, 0, 
285, 18247, 0, 0, 0, 0, 0, 0, 0, 
286, 18311, 0, 0, 0, 0, 0, 0, 0, 
287, 18375, 0, 0, 0, 0, 0, 0, 0, 
288, 18439, 0, 0, 0, 0, 0, 0, 0, 
289, 18503, 0, 0, 0, 0, 0, 0, 0, 
